name,ontology_curie,biosample_name,biosample_type,biosample_life_stage,gtex_tissue,data_source,Assay title,_source
junction_CL:0000047 polyA plus RNA-seq,CL:0000047,neuronal stem cell,in_vitro_differentiated_cells,embryonic,,encode,polyA plus RNA-seq,splice_junctions
junction_CL:0000062 total RNA-seq,CL:0000062,osteoblast,primary_cell,adult,,encode,total RNA-seq,splice_junctions
junction_CL:0000084 polyA plus RNA-seq,CL:0000084,T-cell,primary_cell,adult,,encode,polyA plus RNA-seq,splice_junctions
junction_CL:0000084 total RNA-seq,CL:0000084,T-cell,primary_cell,adult,,encode,total RNA-seq,splice_junctions
junction_CL:0000100 total RNA-seq,CL:0000100,motor neuron,in_vitro_differentiated_cells,adult,,encode,total RNA-seq,splice_junctions
junction_CL:0000115 total RNA-seq,CL:0000115,endothelial cell,in_vitro_differentiated_cells,adult,,encode,total RNA-seq,splice_junctions
junction_CL:0000121 polyA plus RNA-seq,CL:0000121,Purkinje cell,primary_cell,child,,encode,polyA plus RNA-seq,splice_junctions
junction_CL:0000127 total RNA-seq,CL:0000127,astrocyte,primary_cell,unknown,,encode,total RNA-seq,splice_junctions
junction_CL:0000134 polyA plus RNA-seq,CL:0000134,mesenchymal stem cell,in_vitro_differentiated_cells,embryonic,,encode,polyA plus RNA-seq,splice_junctions
junction_CL:0000137 total RNA-seq,CL:0000137,osteocyte,in_vitro_differentiated_cells,embryonic,,encode,total RNA-seq,splice_junctions
junction_CL:0000138 total RNA-seq,CL:0000138,chondrocyte,in_vitro_differentiated_cells,embryonic,,encode,total RNA-seq,splice_junctions
junction_CL:0000169 total RNA-seq,CL:0000169,type B pancreatic cell,in_vitro_differentiated_cells,embryonic,,encode,total RNA-seq,splice_junctions
junction_CL:0000182 polyA plus RNA-seq,CL:0000182,hepatocyte,in_vitro_differentiated_cells,embryonic,,encode,polyA plus RNA-seq,splice_junctions
junction_CL:0000182 total RNA-seq,CL:0000182,hepatocyte,in_vitro_differentiated_cells,embryonic,,encode,total RNA-seq,splice_junctions
junction_CL:0000187 polyA plus RNA-seq,CL:0000187,myocyte,in_vitro_differentiated_cells,adult,,encode,polyA plus RNA-seq,splice_junctions
junction_CL:0000187 total RNA-seq,CL:0000187,myocyte,in_vitro_differentiated_cells,adult,,encode,total RNA-seq,splice_junctions
junction_CL:0000192 polyA plus RNA-seq,CL:0000192,smooth muscle cell,in_vitro_differentiated_cells,embryonic,,encode,polyA plus RNA-seq,splice_junctions
junction_CL:0000192 total RNA-seq,CL:0000192,smooth muscle cell,in_vitro_differentiated_cells,embryonic,,encode,total RNA-seq,splice_junctions
junction_CL:0000221 polyA plus RNA-seq,CL:0000221,ectodermal cell,in_vitro_differentiated_cells,embryonic,,encode,polyA plus RNA-seq,splice_junctions
junction_CL:0000222 polyA plus RNA-seq,CL:0000222,mesodermal cell,in_vitro_differentiated_cells,embryonic,,encode,polyA plus RNA-seq,splice_junctions
junction_CL:0000223 polyA plus RNA-seq,CL:0000223,endodermal cell,in_vitro_differentiated_cells,embryonic,,encode,polyA plus RNA-seq,splice_junctions
junction_CL:0000223 total RNA-seq,CL:0000223,endodermal cell,in_vitro_differentiated_cells,embryonic,,encode,total RNA-seq,splice_junctions
junction_CL:0000236 polyA plus RNA-seq,CL:0000236,B cell,primary_cell,adult,,encode,polyA plus RNA-seq,splice_junctions
junction_CL:0000236 total RNA-seq,CL:0000236,B cell,primary_cell,adult,,encode,total RNA-seq,splice_junctions
junction_CL:0000307 total RNA-seq,CL:0000307,tracheal epithelial cell,primary_cell,adult,,encode,total RNA-seq,splice_junctions
junction_CL:0000312 polyA plus RNA-seq,CL:0000312,keratinocyte,primary_cell,unknown,,encode,polyA plus RNA-seq,splice_junctions
junction_CL:0000346 total RNA-seq,CL:0000346,hair follicle dermal papilla cell,primary_cell,adult,,encode,total RNA-seq,splice_junctions
junction_CL:0000351 polyA plus RNA-seq,CL:0000351,trophoblast cell,in_vitro_differentiated_cells,embryonic,,encode,polyA plus RNA-seq,splice_junctions
junction_CL:0000515 polyA plus RNA-seq,CL:0000515,skeletal muscle myoblast,primary_cell,unknown,,encode,polyA plus RNA-seq,splice_junctions
junction_CL:0000515 total RNA-seq,CL:0000515,skeletal muscle myoblast,primary_cell,unknown,,encode,total RNA-seq,splice_junctions
junction_CL:0000594 total RNA-seq,CL:0000594,skeletal muscle satellite cell,primary_cell,adult,,encode,total RNA-seq,splice_junctions
junction_CL:0000623 polyA plus RNA-seq,CL:0000623,natural killer cell,primary_cell,adult,,encode,polyA plus RNA-seq,splice_junctions
junction_CL:0000623 total RNA-seq,CL:0000623,natural killer cell,primary_cell,adult,,encode,total RNA-seq,splice_junctions
junction_CL:0000624 polyA plus RNA-seq,CL:0000624,"CD4-positive, alpha-beta T cell",primary_cell,adult,,encode,polyA plus RNA-seq,splice_junctions
junction_CL:0000624 total RNA-seq,CL:0000624,"CD4-positive, alpha-beta T cell",primary_cell,adult,,encode,total RNA-seq,splice_junctions
junction_CL:0000625 polyA plus RNA-seq,CL:0000625,"CD8-positive, alpha-beta T cell",primary_cell,adult,,encode,polyA plus RNA-seq,splice_junctions
junction_CL:0000625 total RNA-seq,CL:0000625,"CD8-positive, alpha-beta T cell",primary_cell,adult,,encode,total RNA-seq,splice_junctions
junction_CL:0000650 total RNA-seq,CL:0000650,mesangial cell,primary_cell,"unknown,embryonic",,encode,total RNA-seq,splice_junctions
junction_CL:0000679 total RNA-seq,CL:0000679,glutamatergic neuron,in_vitro_differentiated_cells,adult,,encode,total RNA-seq,splice_junctions
junction_CL:0000746 polyA plus RNA-seq,CL:0000746,cardiac muscle cell,in_vitro_differentiated_cells,embryonic,,encode,polyA plus RNA-seq,splice_junctions
junction_CL:0000746 total RNA-seq,CL:0000746,cardiac muscle cell,in_vitro_differentiated_cells,embryonic,,encode,total RNA-seq,splice_junctions
junction_CL:0000788 polyA plus RNA-seq,CL:0000788,naive B cell,primary_cell,unknown,,encode,polyA plus RNA-seq,splice_junctions
junction_CL:0000792 polyA plus RNA-seq,CL:0000792,"CD4-positive, CD25-positive, alpha-beta regulatory T cell",primary_cell,unknown,,encode,polyA plus RNA-seq,splice_junctions
junction_CL:0000823 polyA plus RNA-seq,CL:0000823,immature natural killer cell,primary_cell,unknown,,encode,polyA plus RNA-seq,splice_junctions
junction_CL:0000837 total RNA-seq,CL:0000837,hematopoietic multipotent progenitor cell,in_vitro_differentiated_cells,unknown,,encode,total RNA-seq,splice_junctions
junction_CL:0000842 total RNA-seq,CL:0000842,mononuclear cell,primary_cell,adult,,encode,total RNA-seq,splice_junctions
junction_CL:0000895 polyA plus RNA-seq,CL:0000895,"naive thymus-derived CD4-positive, alpha-beta T cell",primary_cell,unknown,,encode,polyA plus RNA-seq,splice_junctions
junction_CL:0000895 total RNA-seq,CL:0000895,"naive thymus-derived CD4-positive, alpha-beta T cell",primary_cell,adult,,encode,total RNA-seq,splice_junctions
junction_CL:0000897 polyA plus RNA-seq,CL:0000897,"CD4-positive, alpha-beta memory T cell",primary_cell,unknown,,encode,polyA plus RNA-seq,splice_junctions
junction_CL:0000897 total RNA-seq,CL:0000897,"CD4-positive, alpha-beta memory T cell",primary_cell,adult,,encode,total RNA-seq,splice_junctions
junction_CL:0000900 polyA plus RNA-seq,CL:0000900,"naive thymus-derived CD8-positive, alpha-beta T cell",primary_cell,unknown,,encode,polyA plus RNA-seq,splice_junctions
junction_CL:0000900 total RNA-seq,CL:0000900,"naive thymus-derived CD8-positive, alpha-beta T cell",primary_cell,adult,,encode,total RNA-seq,splice_junctions
junction_CL:0000909 polyA plus RNA-seq,CL:0000909,"CD8-positive, alpha-beta memory T cell",primary_cell,unknown,,encode,polyA plus RNA-seq,splice_junctions
junction_CL:0000909 total RNA-seq,CL:0000909,"CD8-positive, alpha-beta memory T cell",primary_cell,adult,,encode,total RNA-seq,splice_junctions
junction_CL:0001053 polyA plus RNA-seq,CL:0001053,IgD-negative memory B cell,primary_cell,unknown,,encode,polyA plus RNA-seq,splice_junctions
junction_CL:0001054 polyA plus RNA-seq,CL:0001054,CD14-positive monocyte,primary_cell,adult,,encode,polyA plus RNA-seq,splice_junctions
junction_CL:0001059 polyA plus RNA-seq,CL:0001059,"common myeloid progenitor, CD34-positive",primary_cell,adult,,encode,polyA plus RNA-seq,splice_junctions
junction_CL:0002098 total RNA-seq,CL:0002098,regular cardiac myocyte,primary_cell,adult,,encode,total RNA-seq,splice_junctions
junction_CL:0002188 total RNA-seq,CL:0002188,glomerular endothelial cell,primary_cell,embryonic,,encode,total RNA-seq,splice_junctions
junction_CL:0002306 total RNA-seq,CL:0002306,epithelial cell of proximal tubule,primary_cell,unknown,,encode,total RNA-seq,splice_junctions
junction_CL:0002319 polyA plus RNA-seq,CL:0002319,neural cell,in_vitro_differentiated_cells,embryonic,,encode,polyA plus RNA-seq,splice_junctions
junction_CL:0002324 polyA plus RNA-seq,CL:0002324,myoepithelial cell of mammary gland,primary_cell,adult,,encode,polyA plus RNA-seq,splice_junctions
junction_CL:0002326 polyA plus RNA-seq,CL:0002326,luminal epithelial cell of mammary gland,primary_cell,adult,,encode,polyA plus RNA-seq,splice_junctions
junction_CL:0002327 polyA plus RNA-seq,CL:0002327,mammary epithelial cell,primary_cell,adult,,encode,polyA plus RNA-seq,splice_junctions
junction_CL:0002327 total RNA-seq,CL:0002327,mammary epithelial cell,primary_cell,adult,,encode,total RNA-seq,splice_junctions
junction_CL:0002328 total RNA-seq,CL:0002328,bronchial epithelial cell,primary_cell,adult,,encode,total RNA-seq,splice_junctions
junction_CL:0002351 total RNA-seq,CL:0002351,progenitor cell of endocrine pancreas,in_vitro_differentiated_cells,embryonic,,encode,total RNA-seq,splice_junctions
junction_CL:0002366 total RNA-seq,CL:0002366,myometrial cell,primary_cell,adult,,encode,total RNA-seq,splice_junctions
junction_CL:0002368 total RNA-seq,CL:0002368,airway epithelial cell,primary_cell,unknown,,encode,total RNA-seq,splice_junctions
junction_CL:0002372 total RNA-seq,CL:0002372,myotube,in_vitro_differentiated_cells,unknown,,encode,total RNA-seq,splice_junctions
junction_CL:0002451 polyA plus RNA-seq,CL:0002451,mammary stem cell,primary_cell,adult,,encode,polyA plus RNA-seq,splice_junctions
junction_CL:0002518 total RNA-seq,CL:0002518,kidney epithelial cell,primary_cell,"embryonic,newborn",,encode,total RNA-seq,splice_junctions
junction_CL:0002539 total RNA-seq,CL:0002539,aortic smooth muscle cell,primary_cell,adult,,encode,total RNA-seq,splice_junctions
junction_CL:0002540 total RNA-seq,CL:0002540,mesenchymal stem cell of the bone marrow,primary_cell,adult,,encode,total RNA-seq,splice_junctions
junction_CL:0002543 total RNA-seq,CL:0002543,vein endothelial cell,primary_cell,adult,,encode,total RNA-seq,splice_junctions
junction_CL:0002545 total RNA-seq,CL:0002545,thoracic aorta endothelial cell,primary_cell,adult,,encode,total RNA-seq,splice_junctions
junction_CL:0002547 total RNA-seq,CL:0002547,fibroblast of the aortic adventitia,primary_cell,adult,,encode,total RNA-seq,splice_junctions
junction_CL:0002551 total RNA-seq,CL:0002551,fibroblast of dermis,primary_cell,adult,,encode,total RNA-seq,splice_junctions
junction_CL:0002553 polyA plus RNA-seq,CL:0002553,fibroblast of lung,primary_cell,adult,,encode,polyA plus RNA-seq,splice_junctions
junction_CL:0002553 total RNA-seq,CL:0002553,fibroblast of lung,primary_cell,adult,,encode,total RNA-seq,splice_junctions
junction_CL:0002558 total RNA-seq,CL:0002558,fibroblast of villous mesenchyme,primary_cell,newborn,,encode,total RNA-seq,splice_junctions
junction_CL:0002568 total RNA-seq,CL:0002568,mesenchymal stem cell of Wharton's jelly,primary_cell,newborn,,encode,total RNA-seq,splice_junctions
junction_CL:0002570 total RNA-seq,CL:0002570,mesenchymal stem cell of adipose,primary_cell,adult,,encode,total RNA-seq,splice_junctions
junction_CL:0002577 total RNA-seq,CL:0002577,placental epithelial cell,primary_cell,newborn,,encode,total RNA-seq,splice_junctions
junction_CL:0002583 total RNA-seq,CL:0002583,subcutaneous preadipocyte,primary_cell,adult,,encode,total RNA-seq,splice_junctions
junction_CL:0002584 total RNA-seq,CL:0002584,renal cortical epithelial cell,primary_cell,adult,,encode,total RNA-seq,splice_junctions
junction_CL:0002591 total RNA-seq,CL:0002591,smooth muscle cell of the pulmonary artery,primary_cell,adult,,encode,total RNA-seq,splice_junctions
junction_CL:0002592 total RNA-seq,CL:0002592,smooth muscle cell of the coronary artery,primary_cell,adult,,encode,total RNA-seq,splice_junctions
junction_CL:0002594 total RNA-seq,CL:0002594,smooth muscle cell of the umbilical artery,primary_cell,newborn,,encode,total RNA-seq,splice_junctions
junction_CL:0002597 total RNA-seq,CL:0002597,smooth muscle cell of bladder,primary_cell,adult,,encode,total RNA-seq,splice_junctions
junction_CL:0002598 total RNA-seq,CL:0002598,bronchial smooth muscle cell,primary_cell,adult,,encode,total RNA-seq,splice_junctions
junction_CL:0002600 total RNA-seq,CL:0002600,smooth muscle cell of trachea,primary_cell,adult,,encode,total RNA-seq,splice_junctions
junction_CL:0002601 total RNA-seq,CL:0002601,uterine smooth muscle cell,primary_cell,adult,,encode,total RNA-seq,splice_junctions
junction_CL:0002618 polyA plus RNA-seq,CL:0002618,endothelial cell of umbilical vein,primary_cell,newborn,,encode,polyA plus RNA-seq,splice_junctions
junction_CL:0002618 total RNA-seq,CL:0002618,endothelial cell of umbilical vein,primary_cell,newborn,,encode,total RNA-seq,splice_junctions
junction_CL:0010002 total RNA-seq,CL:0010002,epithelial cell of umbilical artery,primary_cell,newborn,,encode,total RNA-seq,splice_junctions
junction_CL:0010003 total RNA-seq,CL:0010003,epithelial cell of alveolus of lung,primary_cell,"unknown,embryonic",,encode,total RNA-seq,splice_junctions
junction_CL:0011012 total RNA-seq,CL:0011012,neural crest cell,in_vitro_differentiated_cells,embryonic,,encode,total RNA-seq,splice_junctions
junction_CL:0011019 total RNA-seq,CL:0011019,mesothelial cell of epicardium,in_vitro_differentiated_cells,embryonic,,encode,total RNA-seq,splice_junctions
junction_CL:0011020 total RNA-seq,CL:0011020,neural progenitor cell,in_vitro_differentiated_cells,embryonic,,encode,total RNA-seq,splice_junctions
junction_CL:0011022 polyA plus RNA-seq,CL:0011022,fibroblast of skin of back,primary_cell,embryonic,,encode,polyA plus RNA-seq,splice_junctions
junction_CL:1000458 total RNA-seq,CL:1000458,melanocyte of skin,primary_cell,adult,,encode,total RNA-seq,splice_junctions
junction_CL:1001568 total RNA-seq,CL:1001568,pulmonary artery endothelial cell,primary_cell,adult,,encode,total RNA-seq,splice_junctions
junction_CL:1001606 polyA plus RNA-seq,CL:1001606,foreskin keratinocyte,primary_cell,newborn,,encode,polyA plus RNA-seq,splice_junctions
junction_CL:1001606 total RNA-seq,CL:1001606,foreskin keratinocyte,primary_cell,newborn,,encode,total RNA-seq,splice_junctions
junction_CL:1001608 polyA plus RNA-seq,CL:1001608,foreskin fibroblast,primary_cell,newborn,,encode,polyA plus RNA-seq,splice_junctions
junction_CL:2000001 polyA plus RNA-seq,CL:2000001,peripheral blood mononuclear cell,primary_cell,adult,,encode,polyA plus RNA-seq,splice_junctions
junction_CL:2000007 total RNA-seq,CL:2000007,articular chondrocyte of knee joint,primary_cell,adult,,encode,total RNA-seq,splice_junctions
junction_CL:2000010 total RNA-seq,CL:2000010,dermis blood vessel endothelial cell,primary_cell,child,,encode,total RNA-seq,splice_junctions
junction_CL:2000011 total RNA-seq,CL:2000011,dermis lymphatic vessel endothelial cell,primary_cell,"child,adult",,encode,total RNA-seq,splice_junctions
junction_CL:2000013 polyA plus RNA-seq,CL:2000013,fibroblast of skin of abdomen,primary_cell,embryonic,,encode,polyA plus RNA-seq,splice_junctions
junction_CL:2000016 total RNA-seq,CL:2000016,lung microvascular endothelial cell,primary_cell,adult,,encode,total RNA-seq,splice_junctions
junction_CL:2000018 total RNA-seq,CL:2000018,endothelial cell of coronary artery,primary_cell,adult,,encode,total RNA-seq,splice_junctions
junction_CL:2000040 total RNA-seq,CL:2000040,bladder microvascular endothelial cell,primary_cell,adult,,encode,total RNA-seq,splice_junctions
junction_CL:2000041 total RNA-seq,CL:2000041,dermis microvascular lymphatic vessel endothelial cell,primary_cell,adult,,encode,total RNA-seq,splice_junctions
junction_CL:2000045 polyA plus RNA-seq,CL:2000045,foreskin melanocyte,primary_cell,newborn,,encode,polyA plus RNA-seq,splice_junctions
junction_CL:2000066 total RNA-seq,CL:2000066,cardiac ventricle fibroblast,primary_cell,"adult,unknown",,encode,total RNA-seq,splice_junctions
junction_CL:2000067 total RNA-seq,CL:2000067,cardiac atrium fibroblast,primary_cell,child,,encode,total RNA-seq,splice_junctions
junction_CL:2000068 total RNA-seq,CL:2000068,pericardium fibroblast,primary_cell,"embryonic,unknown",,encode,total RNA-seq,splice_junctions
junction_CL:2000071 total RNA-seq,CL:2000071,mammary microvascular endothelial cell,primary_cell,adult,,encode,total RNA-seq,splice_junctions
junction_CL:2000078 total RNA-seq,CL:2000078,placental pericyte,primary_cell,newborn,,encode,total RNA-seq,splice_junctions
junction_CL:2000092 total RNA-seq,CL:2000092,hair follicular keratinocyte,primary_cell,adult,,encode,total RNA-seq,splice_junctions
junction_CL:2000093 total RNA-seq,CL:2000093,bronchus fibroblast of lung,primary_cell,unknown,,encode,total RNA-seq,splice_junctions
junction_CL:2000094 total RNA-seq,CL:2000094,nasal cavity respiratory epithelium epithelial cell of viscerocranial mucosa,primary_cell,adult,,encode,total RNA-seq,splice_junctions
junction_CLO:0007045 polyA plus RNA-seq,CLO:0007045,"Jurkat, Clone E6-1",cell_line,child,,encode,polyA plus RNA-seq,splice_junctions
junction_EFO:0000572 gtex Cells_EBV-transformed_lymphocytes polyA plus RNA-seq,EFO:0000572,lymphoblast,tissue,adult,Cells_EBV-transformed_lymphocytes,gtex,polyA plus RNA-seq,splice_junctions
junction_EFO:0001086 polyA plus RNA-seq,EFO:0001086,A549,cell_line,adult,,encode,polyA plus RNA-seq,splice_junctions
junction_EFO:0001099 total RNA-seq,EFO:0001099,Caco-2,cell_line,adult,,encode,total RNA-seq,splice_junctions
junction_EFO:0001187 polyA plus RNA-seq,EFO:0001187,HepG2,cell_line,child,,encode,polyA plus RNA-seq,splice_junctions
junction_EFO:0001187 total RNA-seq,EFO:0001187,HepG2,cell_line,child,,encode,total RNA-seq,splice_junctions
junction_EFO:0001193 total RNA-seq,EFO:0001193,HT-29,cell_line,adult,,encode,total RNA-seq,splice_junctions
junction_EFO:0001196 polyA plus RNA-seq,EFO:0001196,IMR-90,cell_line,embryonic,,encode,polyA plus RNA-seq,splice_junctions
junction_EFO:0001196 total RNA-seq,EFO:0001196,IMR-90,cell_line,embryonic,,encode,total RNA-seq,splice_junctions
junction_EFO:0001200 total RNA-seq,EFO:0001200,MCF 10A,cell_line,adult,,encode,total RNA-seq,splice_junctions
junction_EFO:0001203 polyA plus RNA-seq,EFO:0001203,MCF-7,cell_line,adult,,encode,polyA plus RNA-seq,splice_junctions
junction_EFO:0001203 total RNA-seq,EFO:0001203,MCF-7,cell_line,adult,,encode,total RNA-seq,splice_junctions
junction_EFO:0002009 gtex Cells_Cultured_fibroblasts polyA plus RNA-seq,EFO:0002009,fibroblast derived cell line,tissue,adult,Cells_Cultured_fibroblasts,gtex,polyA plus RNA-seq,splice_junctions
junction_EFO:0002059 polyA plus RNA-seq,EFO:0002059,HT1080,cell_line,adult,,encode,polyA plus RNA-seq,splice_junctions
junction_EFO:0002059 total RNA-seq,EFO:0002059,HT1080,cell_line,adult,,encode,total RNA-seq,splice_junctions
junction_EFO:0002067 polyA plus RNA-seq,EFO:0002067,K562,cell_line,adult,,encode,polyA plus RNA-seq,splice_junctions
junction_EFO:0002067 total RNA-seq,EFO:0002067,K562,cell_line,adult,,encode,total RNA-seq,splice_junctions
junction_EFO:0002074 total RNA-seq,EFO:0002074,PC-3,cell_line,adult,,encode,total RNA-seq,splice_junctions
junction_EFO:0002101 total RNA-seq,EFO:0002101,A172,cell_line,adult,,encode,total RNA-seq,splice_junctions
junction_EFO:0002103 total RNA-seq,EFO:0002103,A375,cell_line,adult,,encode,total RNA-seq,splice_junctions
junction_EFO:0002106 total RNA-seq,EFO:0002106,A673,cell_line,child,,encode,total RNA-seq,splice_junctions
junction_EFO:0002150 total RNA-seq,EFO:0002150,Caki2,cell_line,adult,,encode,total RNA-seq,splice_junctions
junction_EFO:0002179 total RNA-seq,EFO:0002179,G401,cell_line,child,,encode,total RNA-seq,splice_junctions
junction_EFO:0002184 total RNA-seq,EFO:0002184,H4,cell_line,adult,,encode,total RNA-seq,splice_junctions
junction_EFO:0002234 total RNA-seq,EFO:0002234,MG63,cell_line,child,,encode,total RNA-seq,splice_junctions
junction_EFO:0002330 total RNA-seq,EFO:0002330,SJSA1,cell_line,adult,,encode,total RNA-seq,splice_junctions
junction_EFO:0002713 polyA plus RNA-seq,EFO:0002713,Panc1,cell_line,adult,,encode,polyA plus RNA-seq,splice_junctions
junction_EFO:0002713 total RNA-seq,EFO:0002713,Panc1,cell_line,adult,,encode,total RNA-seq,splice_junctions
junction_EFO:0002779 polyA plus RNA-seq,EFO:0002779,BJ,cell_line,newborn,,encode,polyA plus RNA-seq,splice_junctions
junction_EFO:0002784 polyA plus RNA-seq,EFO:0002784,GM12878,cell_line,adult,,encode,polyA plus RNA-seq,splice_junctions
junction_EFO:0002784 total RNA-seq,EFO:0002784,GM12878,cell_line,adult,,encode,total RNA-seq,splice_junctions
junction_EFO:0002785 polyA plus RNA-seq,EFO:0002785,GM12891,cell_line,unknown,,encode,polyA plus RNA-seq,splice_junctions
junction_EFO:0002786 polyA plus RNA-seq,EFO:0002786,GM12892,cell_line,unknown,,encode,polyA plus RNA-seq,splice_junctions
junction_EFO:0002791 polyA plus RNA-seq,EFO:0002791,HeLa-S3,cell_line,adult,,encode,polyA plus RNA-seq,splice_junctions
junction_EFO:0002819 total RNA-seq,EFO:0002819,Calu3,cell_line,adult,,encode,total RNA-seq,splice_junctions
junction_EFO:0002824 polyA plus RNA-seq,EFO:0002824,HCT116,cell_line,adult,,encode,polyA plus RNA-seq,splice_junctions
junction_EFO:0002824 total RNA-seq,EFO:0002824,HCT116,cell_line,adult,,encode,total RNA-seq,splice_junctions
junction_EFO:0002847 total RNA-seq,EFO:0002847,PC-9,cell_line,unknown,,encode,total RNA-seq,splice_junctions
junction_EFO:0003042 polyA plus RNA-seq,EFO:0003042,H1,cell_line,embryonic,,encode,polyA plus RNA-seq,splice_junctions
junction_EFO:0003042 total RNA-seq,EFO:0003042,H1,cell_line,embryonic,,encode,total RNA-seq,splice_junctions
junction_EFO:0003044 polyA plus RNA-seq,EFO:0003044,NCI-H460,cell_line,unknown,,encode,polyA plus RNA-seq,splice_junctions
junction_EFO:0003044 total RNA-seq,EFO:0003044,NCI-H460,cell_line,unknown,,encode,total RNA-seq,splice_junctions
junction_EFO:0003045 total RNA-seq,EFO:0003045,H9,cell_line,embryonic,,encode,total RNA-seq,splice_junctions
junction_EFO:0003072 polyA plus RNA-seq,EFO:0003072,SK-N-SH,cell_line,child,,encode,polyA plus RNA-seq,splice_junctions
junction_EFO:0005234 polyA plus RNA-seq,EFO:0005234,PFSK-1,cell_line,child,,encode,polyA plus RNA-seq,splice_junctions
junction_EFO:0005237 polyA plus RNA-seq,EFO:0005237,U-87 MG,cell_line,adult,,encode,polyA plus RNA-seq,splice_junctions
junction_EFO:0005697 total RNA-seq,EFO:0005697,M059J,cell_line,adult,,encode,total RNA-seq,splice_junctions
junction_EFO:0005698 total RNA-seq,EFO:0005698,Daoy,cell_line,child,,encode,total RNA-seq,splice_junctions
junction_EFO:0005712 total RNA-seq,EFO:0005712,RPMI7951,cell_line,adult,,encode,total RNA-seq,splice_junctions
junction_EFO:0005714 polyA plus RNA-seq,EFO:0005714,LHCN-M2,cell_line,adult,,encode,polyA plus RNA-seq,splice_junctions
junction_EFO:0005714 total RNA-seq,EFO:0005714,LHCN-M2,cell_line,adult,,encode,total RNA-seq,splice_junctions
junction_EFO:0005719 total RNA-seq,EFO:0005719,Karpas-422,cell_line,adult,,encode,total RNA-seq,splice_junctions
junction_EFO:0005720 polyA plus RNA-seq,EFO:0005720,SK-MEL-5,cell_line,adult,,encode,polyA plus RNA-seq,splice_junctions
junction_EFO:0005720 total RNA-seq,EFO:0005720,SK-MEL-5,cell_line,adult,,encode,total RNA-seq,splice_junctions
junction_EFO:0005721 polyA plus RNA-seq,EFO:0005721,SK-N-DZ,cell_line,child,,encode,polyA plus RNA-seq,splice_junctions
junction_EFO:0005722 total RNA-seq,EFO:0005722,SJCRH30,cell_line,child,,encode,total RNA-seq,splice_junctions
junction_EFO:0005723 polyA plus RNA-seq,EFO:0005723,GM23248,cell_line,adult,,encode,polyA plus RNA-seq,splice_junctions
junction_EFO:0005723 total RNA-seq,EFO:0005723,GM23248,cell_line,adult,,encode,total RNA-seq,splice_junctions
junction_EFO:0005725 polyA plus RNA-seq,EFO:0005725,BE2C,cell_line,child,,encode,polyA plus RNA-seq,splice_junctions
junction_EFO:0005904 total RNA-seq,EFO:0005904,H7,cell_line,embryonic,,encode,total RNA-seq,splice_junctions
junction_EFO:0006270 polyA plus RNA-seq,EFO:0006270,AG04450,cell_line,embryonic,,encode,polyA plus RNA-seq,splice_junctions
junction_EFO:0006711 total RNA-seq,EFO:0006711,OCI-LY7,cell_line,adult,,encode,total RNA-seq,splice_junctions
junction_EFO:0007089 polyA plus RNA-seq,EFO:0007089,HUES64,cell_line,embryonic,,encode,polyA plus RNA-seq,splice_junctions
junction_EFO:0007950 polyA plus RNA-seq,EFO:0007950,GM23338,cell_line,adult,,encode,polyA plus RNA-seq,splice_junctions
junction_EFO:0007950 total RNA-seq,EFO:0007950,GM23338,cell_line,adult,,encode,total RNA-seq,splice_junctions
junction_EFO:0009318 total RNA-seq,EFO:0009318,HFFc6,cell_line,newborn,,encode,total RNA-seq,splice_junctions
junction_EFO:0009747 total RNA-seq,EFO:0009747,WTC11,cell_line,adult,,encode,total RNA-seq,splice_junctions
junction_EFO:0030018 polyA plus RNA-seq,EFO:0030018,BLaER1,cell_line,unknown,,encode,polyA plus RNA-seq,splice_junctions
junction_NTR:0000427 polyA plus RNA-seq,NTR:0000427,neurosphere,primary_cell,embryonic,,encode,polyA plus RNA-seq,splice_junctions
junction_NTR:0000491 total RNA-seq,NTR:0000491,Right ventricle myocardium inferior,tissue,adult,,encode,total RNA-seq,splice_junctions
junction_NTR:0000492 total RNA-seq,NTR:0000492,Right ventricle myocardium superior,tissue,adult,,encode,total RNA-seq,splice_junctions
junction_NTR:0000493 total RNA-seq,NTR:0000493,left ventricle myocardium inferior,tissue,adult,,encode,total RNA-seq,splice_junctions
junction_NTR:0000494 total RNA-seq,NTR:0000494,left ventricle myocardium superior,tissue,adult,,encode,total RNA-seq,splice_junctions
junction_NTR:0000524 polyA plus RNA-seq,NTR:0000524,fibroblast of skin of scalp,primary_cell,embryonic,,encode,polyA plus RNA-seq,splice_junctions
junction_NTR:0000856 polyA plus RNA-seq,NTR:0000856,mesendoderm,in_vitro_differentiated_cells,embryonic,,encode,polyA plus RNA-seq,splice_junctions
junction_NTR:0003013 polyA plus RNA-seq,NTR:0003013,placental basal plate,tissue,embryonic,,encode,polyA plus RNA-seq,splice_junctions
junction_UBERON:0000007 gtex Pituitary polyA plus RNA-seq,UBERON:0000007,pituitary gland,tissue,adult,Pituitary,gtex,polyA plus RNA-seq,splice_junctions
junction_UBERON:0000016 polyA plus RNA-seq,UBERON:0000016,endocrine pancreas,tissue,adult,,encode,polyA plus RNA-seq,splice_junctions
junction_UBERON:0000019 total RNA-seq,UBERON:0000019,camera-type eye,tissue,embryonic,,encode,total RNA-seq,splice_junctions
junction_UBERON:0000056 total RNA-seq,UBERON:0000056,ureter,tissue,adult,,encode,total RNA-seq,splice_junctions
junction_UBERON:0000081 total RNA-seq,UBERON:0000081,metanephros,tissue,embryonic,,encode,total RNA-seq,splice_junctions
junction_UBERON:0000088 polyA plus RNA-seq,UBERON:0000088,trophoblast,tissue,embryonic,,encode,polyA plus RNA-seq,splice_junctions
junction_UBERON:0000305 polyA plus RNA-seq,UBERON:0000305,amnion,tissue,embryonic,,encode,polyA plus RNA-seq,splice_junctions
junction_UBERON:0000317 total RNA-seq,UBERON:0000317,colonic mucosa,tissue,adult,,encode,total RNA-seq,splice_junctions
junction_UBERON:0000458 gtex Cervix_Endocervix polyA plus RNA-seq,UBERON:0000458,endocervix,tissue,adult,Cervix_Endocervix,gtex,polyA plus RNA-seq,splice_junctions
junction_UBERON:0000473 gtex Testis polyA plus RNA-seq,UBERON:0000473,testis,tissue,adult,Testis,gtex,polyA plus RNA-seq,splice_junctions
junction_UBERON:0000473 polyA plus RNA-seq,UBERON:0000473,testis,tissue,adult,,encode,polyA plus RNA-seq,splice_junctions
junction_UBERON:0000473 total RNA-seq,UBERON:0000473,testis,tissue,adult,,encode,total RNA-seq,splice_junctions
junction_UBERON:0000945 gtex Stomach polyA plus RNA-seq,UBERON:0000945,stomach,tissue,adult,Stomach,gtex,polyA plus RNA-seq,splice_junctions
junction_UBERON:0000945 polyA plus RNA-seq,UBERON:0000945,stomach,tissue,adult,,encode,polyA plus RNA-seq,splice_junctions
junction_UBERON:0000945 total RNA-seq,UBERON:0000945,stomach,tissue,adult,,encode,total RNA-seq,splice_junctions
junction_UBERON:0000947 polyA plus RNA-seq,UBERON:0000947,aorta,tissue,adult,,encode,polyA plus RNA-seq,splice_junctions
junction_UBERON:0000947 total RNA-seq,UBERON:0000947,aorta,tissue,adult,,encode,total RNA-seq,splice_junctions
junction_UBERON:0000948 polyA plus RNA-seq,UBERON:0000948,heart,tissue,adult,,encode,polyA plus RNA-seq,splice_junctions
junction_UBERON:0000948 total RNA-seq,UBERON:0000948,heart,tissue,adult,,encode,total RNA-seq,splice_junctions
junction_UBERON:0000955 polyA plus RNA-seq,UBERON:0000955,brain,tissue,adult,,encode,polyA plus RNA-seq,splice_junctions
junction_UBERON:0000992 gtex Ovary polyA plus RNA-seq,UBERON:0000992,ovary,tissue,adult,Ovary,gtex,polyA plus RNA-seq,splice_junctions
junction_UBERON:0000992 polyA plus RNA-seq,UBERON:0000992,ovary,tissue,adult,,encode,polyA plus RNA-seq,splice_junctions
junction_UBERON:0000992 total RNA-seq,UBERON:0000992,ovary,tissue,adult,,encode,total RNA-seq,splice_junctions
junction_UBERON:0000995 gtex Uterus polyA plus RNA-seq,UBERON:0000995,uterus,tissue,adult,Uterus,gtex,polyA plus RNA-seq,splice_junctions
junction_UBERON:0000995 total RNA-seq,UBERON:0000995,uterus,tissue,adult,,encode,total RNA-seq,splice_junctions
junction_UBERON:0000996 gtex Vagina polyA plus RNA-seq,UBERON:0000996,vagina,tissue,adult,Vagina,gtex,polyA plus RNA-seq,splice_junctions
junction_UBERON:0000996 total RNA-seq,UBERON:0000996,vagina,tissue,adult,,encode,total RNA-seq,splice_junctions
junction_UBERON:0001013 polyA plus RNA-seq,UBERON:0001013,adipose tissue,tissue,adult,,encode,polyA plus RNA-seq,splice_junctions
junction_UBERON:0001043 polyA plus RNA-seq,UBERON:0001043,esophagus,tissue,adult,,encode,polyA plus RNA-seq,splice_junctions
junction_UBERON:0001072 total RNA-seq,UBERON:0001072,posterior vena cava,tissue,adult,,encode,total RNA-seq,splice_junctions
junction_UBERON:0001114 gtex Liver polyA plus RNA-seq,UBERON:0001114,right lobe of liver,tissue,adult,Liver,gtex,polyA plus RNA-seq,splice_junctions
junction_UBERON:0001114 total RNA-seq,UBERON:0001114,right lobe of liver,tissue,adult,,encode,total RNA-seq,splice_junctions
junction_UBERON:0001115 total RNA-seq,UBERON:0001115,left lobe of liver,tissue,adult,,encode,total RNA-seq,splice_junctions
junction_UBERON:0001134 total RNA-seq,UBERON:0001134,skeletal muscle tissue,tissue,embryonic,,encode,total RNA-seq,splice_junctions
junction_UBERON:0001150 gtex Pancreas polyA plus RNA-seq,UBERON:0001150,body of pancreas,tissue,adult,Pancreas,gtex,polyA plus RNA-seq,splice_junctions
junction_UBERON:0001150 total RNA-seq,UBERON:0001150,body of pancreas,tissue,adult,,encode,total RNA-seq,splice_junctions
junction_UBERON:0001157 gtex Colon_Transverse polyA plus RNA-seq,UBERON:0001157,transverse colon,tissue,adult,Colon_Transverse,gtex,polyA plus RNA-seq,splice_junctions
junction_UBERON:0001157 total RNA-seq,UBERON:0001157,transverse colon,tissue,adult,,encode,total RNA-seq,splice_junctions
junction_UBERON:0001159 gtex Colon_Sigmoid polyA plus RNA-seq,UBERON:0001159,sigmoid colon,tissue,adult,Colon_Sigmoid,gtex,polyA plus RNA-seq,splice_junctions
junction_UBERON:0001159 polyA plus RNA-seq,UBERON:0001159,sigmoid colon,tissue,adult,,encode,polyA plus RNA-seq,splice_junctions
junction_UBERON:0001159 total RNA-seq,UBERON:0001159,sigmoid colon,tissue,adult,,encode,total RNA-seq,splice_junctions
junction_UBERON:0001211 gtex Small_Intestine_Terminal_Ileum polyA plus RNA-seq,UBERON:0001211,Peyer's patch,tissue,adult,Small_Intestine_Terminal_Ileum,gtex,polyA plus RNA-seq,splice_junctions
junction_UBERON:0001211 total RNA-seq,UBERON:0001211,Peyer's patch,tissue,adult,,encode,total RNA-seq,splice_junctions
junction_UBERON:0001224 polyA plus RNA-seq,UBERON:0001224,renal pelvis,tissue,embryonic,,encode,polyA plus RNA-seq,splice_junctions
junction_UBERON:0001225 gtex Kidney_Cortex polyA plus RNA-seq,UBERON:0001225,cortex of kidney,tissue,adult,Kidney_Cortex,gtex,polyA plus RNA-seq,splice_junctions
junction_UBERON:0001255 gtex Bladder polyA plus RNA-seq,UBERON:0001255,urinary bladder,tissue,adult,Bladder,gtex,polyA plus RNA-seq,splice_junctions
junction_UBERON:0001255 polyA plus RNA-seq,UBERON:0001255,urinary bladder,tissue,child,,encode,polyA plus RNA-seq,splice_junctions
junction_UBERON:0001255 total RNA-seq,UBERON:0001255,urinary bladder,tissue,embryonic,,encode,total RNA-seq,splice_junctions
junction_UBERON:0001264 polyA plus RNA-seq,UBERON:0001264,pancreas,tissue,adult,,encode,polyA plus RNA-seq,splice_junctions
junction_UBERON:0001264 total RNA-seq,UBERON:0001264,pancreas,tissue,adult,,encode,total RNA-seq,splice_junctions
junction_UBERON:0001293 gtex Kidney_Medulla polyA plus RNA-seq,UBERON:0001293,outer medulla of kidney,tissue,adult,Kidney_Medulla,gtex,polyA plus RNA-seq,splice_junctions
junction_UBERON:0001322 total RNA-seq,UBERON:0001322,sciatic nerve,tissue,adult,,encode,total RNA-seq,splice_junctions
junction_UBERON:0001323 gtex Nerve_Tibial polyA plus RNA-seq,UBERON:0001323,tibial nerve,tissue,adult,Nerve_Tibial,gtex,polyA plus RNA-seq,splice_junctions
junction_UBERON:0001323 total RNA-seq,UBERON:0001323,tibial nerve,tissue,adult,,encode,total RNA-seq,splice_junctions
junction_UBERON:0001383 polyA plus RNA-seq,UBERON:0001383,muscle of leg,tissue,embryonic,,encode,polyA plus RNA-seq,splice_junctions
junction_UBERON:0001496 gtex Artery_Aorta polyA plus RNA-seq,UBERON:0001496,ascending aorta,tissue,adult,Artery_Aorta,gtex,polyA plus RNA-seq,splice_junctions
junction_UBERON:0001496 total RNA-seq,UBERON:0001496,ascending aorta,tissue,adult,,encode,total RNA-seq,splice_junctions
junction_UBERON:0001499 polyA plus RNA-seq,UBERON:0001499,muscle of arm,tissue,embryonic,,encode,polyA plus RNA-seq,splice_junctions
junction_UBERON:0001515 total RNA-seq,UBERON:0001515,thoracic aorta,tissue,adult,,encode,total RNA-seq,splice_junctions
junction_UBERON:0001621 gtex Artery_Coronary polyA plus RNA-seq,UBERON:0001621,coronary artery,tissue,adult,Artery_Coronary,gtex,polyA plus RNA-seq,splice_junctions
junction_UBERON:0001723 total RNA-seq,UBERON:0001723,tongue,tissue,embryonic,,encode,total RNA-seq,splice_junctions
junction_UBERON:0001774 polyA plus RNA-seq,UBERON:0001774,muscle of trunk,tissue,embryonic,,encode,polyA plus RNA-seq,splice_junctions
junction_UBERON:0001870 gtex Brain_Cortex polyA plus RNA-seq,UBERON:0001870,frontal cortex,tissue,adult,Brain_Cortex,gtex,polyA plus RNA-seq,splice_junctions
junction_UBERON:0001870 total RNA-seq,UBERON:0001870,frontal cortex,tissue,embryonic,,encode,total RNA-seq,splice_junctions
junction_UBERON:0001871 total RNA-seq,UBERON:0001871,temporal lobe,tissue,embryonic,,encode,total RNA-seq,splice_junctions
junction_UBERON:0001872 total RNA-seq,UBERON:0001872,parietal lobe,tissue,embryonic,,encode,total RNA-seq,splice_junctions
junction_UBERON:0001873 gtex Brain_Caudate_basal_ganglia polyA plus RNA-seq,UBERON:0001873,caudate nucleus,tissue,adult,Brain_Caudate_basal_ganglia,gtex,polyA plus RNA-seq,splice_junctions
junction_UBERON:0001874 gtex Brain_Putamen_basal_ganglia polyA plus RNA-seq,UBERON:0001874,putamen,tissue,adult,Brain_Putamen_basal_ganglia,gtex,polyA plus RNA-seq,splice_junctions
junction_UBERON:0001876 gtex Brain_Amygdala polyA plus RNA-seq,UBERON:0001876,amygdala,tissue,adult,Brain_Amygdala,gtex,polyA plus RNA-seq,splice_junctions
junction_UBERON:0001882 gtex Brain_Nucleus_accumbens_basal_ganglia polyA plus RNA-seq,UBERON:0001882,nucleus accumbens,tissue,adult,Brain_Nucleus_accumbens_basal_ganglia,gtex,polyA plus RNA-seq,splice_junctions
junction_UBERON:0001894 total RNA-seq,UBERON:0001894,diencephalon,tissue,embryonic,,encode,total RNA-seq,splice_junctions
junction_UBERON:0001898 gtex Brain_Hypothalamus polyA plus RNA-seq,UBERON:0001898,hypothalamus,tissue,adult,Brain_Hypothalamus,gtex,polyA plus RNA-seq,splice_junctions
junction_UBERON:0001954 gtex Brain_Hippocampus polyA plus RNA-seq,UBERON:0001954,Ammon's horn,tissue,adult,Brain_Hippocampus,gtex,polyA plus RNA-seq,splice_junctions
junction_UBERON:0001987 polyA plus RNA-seq,UBERON:0001987,placenta,tissue,embryonic,,encode,polyA plus RNA-seq,splice_junctions
junction_UBERON:0001987 total RNA-seq,UBERON:0001987,placenta,tissue,embryonic,,encode,total RNA-seq,splice_junctions
junction_UBERON:0002021 total RNA-seq,UBERON:0002021,occipital lobe,tissue,embryonic,,encode,total RNA-seq,splice_junctions
junction_UBERON:0002037 gtex Brain_Cerebellum polyA plus RNA-seq,UBERON:0002037,cerebellum,tissue,adult,Brain_Cerebellum,gtex,polyA plus RNA-seq,splice_junctions
junction_UBERON:0002037 polyA plus RNA-seq,UBERON:0002037,cerebellum,tissue,embryonic,,encode,polyA plus RNA-seq,splice_junctions
junction_UBERON:0002037 total RNA-seq,UBERON:0002037,cerebellum,tissue,embryonic,,encode,total RNA-seq,splice_junctions
junction_UBERON:0002038 gtex Brain_Substantia_nigra polyA plus RNA-seq,UBERON:0002038,substantia nigra,tissue,adult,Brain_Substantia_nigra,gtex,polyA plus RNA-seq,splice_junctions
junction_UBERON:0002046 gtex Thyroid polyA plus RNA-seq,UBERON:0002046,thyroid gland,tissue,adult,Thyroid,gtex,polyA plus RNA-seq,splice_junctions
junction_UBERON:0002046 total RNA-seq,UBERON:0002046,thyroid gland,tissue,adult,,encode,total RNA-seq,splice_junctions
junction_UBERON:0002048 polyA plus RNA-seq,UBERON:0002048,lung,tissue,adult,,encode,polyA plus RNA-seq,splice_junctions
junction_UBERON:0002048 total RNA-seq,UBERON:0002048,lung,tissue,embryonic,,encode,total RNA-seq,splice_junctions
junction_UBERON:0002078 polyA plus RNA-seq,UBERON:0002078,right cardiac atrium,tissue,adult,,encode,polyA plus RNA-seq,splice_junctions
junction_UBERON:0002078 total RNA-seq,UBERON:0002078,right cardiac atrium,tissue,adult,,encode,total RNA-seq,splice_junctions
junction_UBERON:0002079 total RNA-seq,UBERON:0002079,left cardiac atrium,tissue,adult,,encode,total RNA-seq,splice_junctions
junction_UBERON:0002080 polyA plus RNA-seq,UBERON:0002080,heart right ventricle,tissue,adult,,encode,polyA plus RNA-seq,splice_junctions
junction_UBERON:0002080 total RNA-seq,UBERON:0002080,heart right ventricle,tissue,adult,,encode,total RNA-seq,splice_junctions
junction_UBERON:0002084 polyA plus RNA-seq,UBERON:0002084,heart left ventricle,tissue,adult,,encode,polyA plus RNA-seq,splice_junctions
junction_UBERON:0002084 total RNA-seq,UBERON:0002084,heart left ventricle,tissue,adult,,encode,total RNA-seq,splice_junctions
junction_UBERON:0002097 total RNA-seq,UBERON:0002097,skin of body,tissue,embryonic,,encode,total RNA-seq,splice_junctions
junction_UBERON:0002099 total RNA-seq,UBERON:0002099,cardiac septum,tissue,adult,,encode,total RNA-seq,splice_junctions
junction_UBERON:0002106 gtex Spleen polyA plus RNA-seq,UBERON:0002106,spleen,tissue,adult,Spleen,gtex,polyA plus RNA-seq,splice_junctions
junction_UBERON:0002106 polyA plus RNA-seq,UBERON:0002106,spleen,tissue,adult,,encode,polyA plus RNA-seq,splice_junctions
junction_UBERON:0002106 total RNA-seq,UBERON:0002106,spleen,tissue,adult,,encode,total RNA-seq,splice_junctions
junction_UBERON:0002107 polyA plus RNA-seq,UBERON:0002107,liver,tissue,child,,encode,polyA plus RNA-seq,splice_junctions
junction_UBERON:0002107 total RNA-seq,UBERON:0002107,liver,tissue,embryonic,,encode,total RNA-seq,splice_junctions
junction_UBERON:0002108 polyA plus RNA-seq,UBERON:0002108,small intestine,tissue,adult,,encode,polyA plus RNA-seq,splice_junctions
junction_UBERON:0002113 polyA plus RNA-seq,UBERON:0002113,kidney,tissue,adult,,encode,polyA plus RNA-seq,splice_junctions
junction_UBERON:0002113 total RNA-seq,UBERON:0002113,kidney,tissue,adult,,encode,total RNA-seq,splice_junctions
junction_UBERON:0002167 polyA plus RNA-seq,UBERON:0002167,right lung,tissue,embryonic,,encode,polyA plus RNA-seq,splice_junctions
junction_UBERON:0002168 polyA plus RNA-seq,UBERON:0002168,left lung,tissue,embryonic,,encode,polyA plus RNA-seq,splice_junctions
junction_UBERON:0002168 total RNA-seq,UBERON:0002168,left lung,tissue,adult,,encode,total RNA-seq,splice_junctions
junction_UBERON:0002170 total RNA-seq,UBERON:0002170,upper lobe of right lung,tissue,adult,,encode,total RNA-seq,splice_junctions
junction_UBERON:0002171 total RNA-seq,UBERON:0002171,lower lobe of right lung,tissue,adult,,encode,total RNA-seq,splice_junctions
junction_UBERON:0002190 gtex Adipose_Subcutaneous polyA plus RNA-seq,UBERON:0002190,subcutaneous adipose tissue,tissue,adult,Adipose_Subcutaneous,gtex,polyA plus RNA-seq,splice_junctions
junction_UBERON:0002190 total RNA-seq,UBERON:0002190,subcutaneous adipose tissue,tissue,adult,,encode,total RNA-seq,splice_junctions
junction_UBERON:0002240 polyA plus RNA-seq,UBERON:0002240,spinal cord,tissue,embryonic,,encode,polyA plus RNA-seq,splice_junctions
junction_UBERON:0002240 total RNA-seq,UBERON:0002240,spinal cord,tissue,embryonic,,encode,total RNA-seq,splice_junctions
junction_UBERON:0002245 gtex Brain_Cerebellar_Hemisphere polyA plus RNA-seq,UBERON:0002245,cerebellar hemisphere,tissue,adult,Brain_Cerebellar_Hemisphere,gtex,polyA plus RNA-seq,splice_junctions
junction_UBERON:0002324 polyA plus RNA-seq,UBERON:0002324,muscle of back,tissue,embryonic,,encode,polyA plus RNA-seq,splice_junctions
junction_UBERON:0002331 total RNA-seq,UBERON:0002331,umbilical cord,tissue,embryonic,,encode,total RNA-seq,splice_junctions
junction_UBERON:0002367 gtex Prostate polyA plus RNA-seq,UBERON:0002367,prostate gland,tissue,adult,Prostate,gtex,polyA plus RNA-seq,splice_junctions
junction_UBERON:0002367 total RNA-seq,UBERON:0002367,prostate gland,tissue,adult,,encode,total RNA-seq,splice_junctions
junction_UBERON:0002369 gtex Adrenal_Gland polyA plus RNA-seq,UBERON:0002369,adrenal gland,tissue,adult,Adrenal_Gland,gtex,polyA plus RNA-seq,splice_junctions
junction_UBERON:0002369 polyA plus RNA-seq,UBERON:0002369,adrenal gland,tissue,adult,,encode,polyA plus RNA-seq,splice_junctions
junction_UBERON:0002369 total RNA-seq,UBERON:0002369,adrenal gland,tissue,adult,,encode,total RNA-seq,splice_junctions
junction_UBERON:0002370 polyA plus RNA-seq,UBERON:0002370,thymus,tissue,embryonic,,encode,polyA plus RNA-seq,splice_junctions
junction_UBERON:0002469 total RNA-seq,UBERON:0002469,esophagus mucosa,tissue,adult,,encode,total RNA-seq,splice_junctions
junction_UBERON:0003124 polyA plus RNA-seq,UBERON:0003124,chorion,tissue,embryonic,,encode,polyA plus RNA-seq,splice_junctions
junction_UBERON:0003662 polyA plus RNA-seq,UBERON:0003662,forelimb muscle,tissue,embryonic,,encode,polyA plus RNA-seq,splice_junctions
junction_UBERON:0003663 polyA plus RNA-seq,UBERON:0003663,hindlimb muscle,tissue,embryonic,,encode,polyA plus RNA-seq,splice_junctions
junction_UBERON:0003889 gtex Fallopian_Tube polyA plus RNA-seq,UBERON:0003889,fallopian tube,tissue,adult,Fallopian_Tube,gtex,polyA plus RNA-seq,splice_junctions
junction_UBERON:0004264 gtex Skin_Sun_Exposed_Lower_leg polyA plus RNA-seq,UBERON:0004264,lower leg skin,tissue,adult,Skin_Sun_Exposed_Lower_leg,gtex,polyA plus RNA-seq,splice_junctions
junction_UBERON:0004264 total RNA-seq,UBERON:0004264,lower leg skin,tissue,adult,,encode,total RNA-seq,splice_junctions
junction_UBERON:0004538 polyA plus RNA-seq,UBERON:0004538,left kidney,tissue,embryonic,,encode,polyA plus RNA-seq,splice_junctions
junction_UBERON:0004550 gtex Esophagus_Gastroesophageal_Junction polyA plus RNA-seq,UBERON:0004550,gastroesophageal sphincter,tissue,adult,Esophagus_Gastroesophageal_Junction,gtex,polyA plus RNA-seq,splice_junctions
junction_UBERON:0004550 total RNA-seq,UBERON:0004550,gastroesophageal sphincter,tissue,adult,,encode,total RNA-seq,splice_junctions
junction_UBERON:0004648 gtex Esophagus_Muscularis polyA plus RNA-seq,UBERON:0004648,esophagus muscularis mucosa,tissue,adult,Esophagus_Muscularis,gtex,polyA plus RNA-seq,splice_junctions
junction_UBERON:0004648 total RNA-seq,UBERON:0004648,esophagus muscularis mucosa,tissue,adult,,encode,total RNA-seq,splice_junctions
junction_UBERON:0004992 total RNA-seq,UBERON:0004992,mucosa of descending colon,tissue,adult,,encode,total RNA-seq,splice_junctions
junction_UBERON:0005033 total RNA-seq,UBERON:0005033,mucosa of gallbladder,tissue,child,,encode,total RNA-seq,splice_junctions
junction_UBERON:0005270 polyA plus RNA-seq,UBERON:0005270,renal cortex interstitium,tissue,embryonic,,encode,polyA plus RNA-seq,splice_junctions
junction_UBERON:0006330 gtex Minor_Salivary_Gland polyA plus RNA-seq,UBERON:0006330,anterior lingual gland,tissue,adult,Minor_Salivary_Gland,gtex,polyA plus RNA-seq,splice_junctions
junction_UBERON:0006469 gtex Brain_Spinal_cord_cervical_c-1 polyA plus RNA-seq,UBERON:0006469,C1 segment of cervical spinal cord,tissue,adult,Brain_Spinal_cord_cervical_c-1,gtex,polyA plus RNA-seq,splice_junctions
junction_UBERON:0006566 gtex Heart_Left_Ventricle polyA plus RNA-seq,UBERON:0006566,left ventricle myocardium,tissue,adult,Heart_Left_Ventricle,gtex,polyA plus RNA-seq,splice_junctions
junction_UBERON:0006631 gtex Heart_Atrial_Appendage polyA plus RNA-seq,UBERON:0006631,right atrium auricular region,tissue,adult,Heart_Atrial_Appendage,gtex,polyA plus RNA-seq,splice_junctions
junction_UBERON:0006631 total RNA-seq,UBERON:0006631,right atrium auricular region,tissue,adult,,encode,total RNA-seq,splice_junctions
junction_UBERON:0006920 gtex Esophagus_Mucosa polyA plus RNA-seq,UBERON:0006920,esophagus squamous epithelium,tissue,adult,Esophagus_Mucosa,gtex,polyA plus RNA-seq,splice_junctions
junction_UBERON:0006920 total RNA-seq,UBERON:0006920,esophagus squamous epithelium,tissue,adult,,encode,total RNA-seq,splice_junctions
junction_UBERON:0007106 polyA plus RNA-seq,UBERON:0007106,chorionic villus,tissue,embryonic,,encode,polyA plus RNA-seq,splice_junctions
junction_UBERON:0007610 gtex Artery_Tibial polyA plus RNA-seq,UBERON:0007610,tibial artery,tissue,adult,Artery_Tibial,gtex,polyA plus RNA-seq,splice_junctions
junction_UBERON:0008367 gtex Breast_Mammary_Tissue polyA plus RNA-seq,UBERON:0008367,breast epithelium,tissue,adult,Breast_Mammary_Tissue,gtex,polyA plus RNA-seq,splice_junctions
junction_UBERON:0008367 total RNA-seq,UBERON:0008367,breast epithelium,tissue,adult,,encode,total RNA-seq,splice_junctions
junction_UBERON:0008450 polyA plus RNA-seq,UBERON:0008450,psoas muscle,tissue,adult,,encode,polyA plus RNA-seq,splice_junctions
junction_UBERON:0008450 total RNA-seq,UBERON:0008450,psoas muscle,tissue,adult,,encode,total RNA-seq,splice_junctions
junction_UBERON:0008952 gtex Lung polyA plus RNA-seq,UBERON:0008952,upper lobe of left lung,tissue,adult,Lung,gtex,polyA plus RNA-seq,splice_junctions
junction_UBERON:0008952 total RNA-seq,UBERON:0008952,upper lobe of left lung,tissue,adult,,encode,total RNA-seq,splice_junctions
junction_UBERON:0008953 total RNA-seq,UBERON:0008953,lower lobe of left lung,tissue,adult,,encode,total RNA-seq,splice_junctions
junction_UBERON:0008971 total RNA-seq,UBERON:0008971,left colon,tissue,adult,,encode,total RNA-seq,splice_junctions
junction_UBERON:0009834 gtex Brain_Frontal_Cortex_BA9 polyA plus RNA-seq,UBERON:0009834,dorsolateral prefrontal cortex,tissue,adult,Brain_Frontal_Cortex_BA9,gtex,polyA plus RNA-seq,splice_junctions
junction_UBERON:0009834 total RNA-seq,UBERON:0009834,dorsolateral prefrontal cortex,tissue,adult,,encode,total RNA-seq,splice_junctions
junction_UBERON:0009835 gtex Brain_Anterior_cingulate_cortex_BA24 polyA plus RNA-seq,UBERON:0009835,anterior cingulate cortex,tissue,adult,Brain_Anterior_cingulate_cortex_BA24,gtex,polyA plus RNA-seq,splice_junctions
junction_UBERON:0010414 gtex Adipose_Visceral_Omentum polyA plus RNA-seq,UBERON:0010414,omental fat pad,tissue,adult,Adipose_Visceral_Omentum,gtex,polyA plus RNA-seq,splice_junctions
junction_UBERON:0010414 total RNA-seq,UBERON:0010414,omental fat pad,tissue,adult,,encode,total RNA-seq,splice_junctions
junction_UBERON:0011907 gtex Muscle_Skeletal polyA plus RNA-seq,UBERON:0011907,gastrocnemius medialis,tissue,adult,Muscle_Skeletal,gtex,polyA plus RNA-seq,splice_junctions
junction_UBERON:0011907 total RNA-seq,UBERON:0011907,gastrocnemius medialis,tissue,adult,,encode,total RNA-seq,splice_junctions
junction_UBERON:0012249 gtex Cervix_Ectocervix polyA plus RNA-seq,UBERON:0012249,ectocervix,tissue,adult,Cervix_Ectocervix,gtex,polyA plus RNA-seq,splice_junctions
junction_UBERON:0013756 gtex Whole_Blood polyA plus RNA-seq,UBERON:0013756,venous blood,tissue,adult,Whole_Blood,gtex,polyA plus RNA-seq,splice_junctions
junction_UBERON:0015143 total RNA-seq,UBERON:0015143,mesenteric fat pad,tissue,adult,,encode,total RNA-seq,splice_junctions
junction_UBERON:0018115 polyA plus RNA-seq,UBERON:0018115,left renal pelvis,tissue,embryonic,,encode,polyA plus RNA-seq,splice_junctions
junction_UBERON:0018116 polyA plus RNA-seq,UBERON:0018116,right renal pelvis,tissue,embryonic,,encode,polyA plus RNA-seq,splice_junctions
junction_UBERON:0018117 polyA plus RNA-seq,UBERON:0018117,left renal cortex interstitium,tissue,embryonic,,encode,polyA plus RNA-seq,splice_junctions
junction_UBERON:0018118 polyA plus RNA-seq,UBERON:0018118,right renal cortex interstitium,tissue,embryonic,,encode,polyA plus RNA-seq,splice_junctions
junction_UBERON:0036149 gtex Skin_Not_Sun_Exposed_Suprapubic polyA plus RNA-seq,UBERON:0036149,suprapubic skin,tissue,adult,Skin_Not_Sun_Exposed_Suprapubic,gtex,polyA plus RNA-seq,splice_junctions
junction_UBERON:0036149 total RNA-seq,UBERON:0036149,suprapubic skin,tissue,adult,,encode,total RNA-seq,splice_junctions
